<?xml version="1.0" encoding="UTF-8"?>
<project-private xmlns="http://www.netbeans.org/ns/project-private/1">
    <editor-bookmarks xmlns="http://www.netbeans.org/ns/editor-bookmarks/2" lastBookmarkId="0"/>
    <open-files xmlns="http://www.netbeans.org/ns/projectui-open-files/2">
        <group>
            <file>file:/C:/Users/carre/OneDrive/Documentos/DUOC/2do%20semestre/programación/programas/Instrumentos_Musicales_TipoPrueba2/src/instrumentos_musicales_tipoprueba2/Instrumentos_Musicales_TipoPrueba2.java</file>
            <file>file:/C:/Users/carre/OneDrive/Documentos/DUOC/2do%20semestre/programación/programas/Instrumentos_Musicales_TipoPrueba2/src/instrumentos_musicales_tipoprueba2/Datos.java</file>
            <file>file:/C:/Users/carre/OneDrive/Documentos/DUOC/2do%20semestre/programación/programas/Instrumentos_Musicales_TipoPrueba2/src/instrumentos_musicales_tipoprueba2/Productos.java</file>
            <file>file:/C:/Users/carre/OneDrive/Documentos/DUOC/2do%20semestre/programación/programas/Instrumentos_Musicales_TipoPrueba2/src/instrumentos_musicales_tipoprueba2/Promociones.java</file>
            <file>file:/C:/Users/carre/OneDrive/Documentos/DUOC/2do%20semestre/programación/programas/Instrumentos_Musicales_TipoPrueba2/src/instrumentos_musicales_tipoprueba2/Guitarra.java</file>
            <file>file:/C:/Users/carre/OneDrive/Documentos/DUOC/2do%20semestre/programación/programas/Instrumentos_Musicales_TipoPrueba2/src/instrumentos_musicales_tipoprueba2/Piano.java</file>
            <file>file:/C:/Users/carre/OneDrive/Documentos/DUOC/2do%20semestre/programación/programas/Instrumentos_Musicales_TipoPrueba2/src/instrumentos_musicales_tipoprueba2/MejoraPro.java</file>
        </group>
    </open-files>
</project-private>
